"Title","URL"
"Privacy Policy","https://mountain-elopement.com/privacy-policy/"
"home","https://mountain-elopement.com/"
"Intimate lake eibsee elopement","https://mountain-elopement.com/portfolio-item/intimate-lake-eibsee-elopement/"
"couple shoot in the autumn","https://mountain-elopement.com/portfolio-item/couple-shoot-photo/"
"Las Veagas equal Lago di Braies","https://mountain-elopement.com/portfolio-item/lago-di-braies-elopement/"
"mountain top sunset elopement","https://mountain-elopement.com/portfolio-item/sunset-elopement-tyrol/"
"Proofing Gallery Locked","https://mountain-elopement.com/proofing-gallery/proofing-gallery-locked/"
"Price List","https://mountain-elopement.com/our-packages/"
"get in touch","https://mountain-elopement.com/get-in-touch/"
"Stories","https://mountain-elopement.com/stories-elopement-mountain/"
"A Journey of Love on top of Innsbruck","https://mountain-elopement.com/portfolio-item/a-journey-of-love-and-adventure/"
"Blitzkneisser","https://mountain-elopement.com/blitzkneisser/"
"Imprint","https://mountain-elopement.com/imprint/"
"elopement at the lake","https://mountain-elopement.com/portfolio-item/lake-elopement-tyrol-mountains/"
"How to elope","https://mountain-elopement.com/how-to-elope-in-the-europe-mountains/"
"adventure elopement in the dolomites","https://mountain-elopement.com/portfolio-item/adventure-helicopter-elopement-dolomites/"
"elopement on over three days","https://mountain-elopement.com/portfolio-item/ultimate-italian-elopement/"
"official elopement on top of tyrol","https://mountain-elopement.com/portfolio-item/official-married-in-the-alps/"
"sunrise in the dolomites","https://mountain-elopement.com/portfolio-item/sunrise-dolomites-elopement/"
"dolomites elopement with three locations","https://mountain-elopement.com/portfolio-item/mountain-elopement-dolomiten/"
"pizza elopement at tre cime","https://mountain-elopement.com/portfolio-item/pizza-elopement-at-tre-cime-cadini-di-misurina/"
"hiking elopement lagazuoi dolomites","https://mountain-elopement.com/portfolio-item/hiking-elopement-lagazuoi-dolomites/"
"Mountain Elopement by Crystal Waters","https://mountain-elopement.com/portfolio-item/crystal-clear-water-elopement/"
"A Peak Proposal &#8211; Mountainous Engagement","https://mountain-elopement.com/portfolio-item/mountain-engagement/"
"Magical Sunrise Elopement in the Dolomites","https://mountain-elopement.com/portfolio-item/sunrise-elopement-in-the-dolomites/"
"Thank You for Your Inquiry!","https://mountain-elopement.com/thank-you-for-your-inquiry/"
"Mountain Peaks Climbing Wedding in the Dolomites","https://mountain-elopement.com/portfolio-item/climbing-wedding/"
